date,TT,AN,AP,AR,AS,BR,CH,CT,DD,DL,DN,GA,GJ,HP,HR,JH,JK,KA,KL,LA,LD,MH,ML,MN,MP,MZ,NL,OR,PB,PY,RJ,SK,TG,TN,TR,UN,UP,UT,WB,
14-Mar-20,81,0,1,0,0,0,0,0,0,7,0,0,0,0,14,0,2,6,19,0,0,14,0,0,0,0,0,0,1,0,3,0,1,1,0,0,12,0,0,
15-Mar-20,27,0,0,0,0,0,0,0,0,0,0,0,0,0,0,0,0,0,5,0,0,18,0,0,0,0,0,0,0,0,1,0,2,0,0,0,1,0,0,
16-Mar-20,15,0,0,0,0,0,0,0,0,0,0,0,0,0,0,0,1,1,3,0,0,6,0,0,0,0,0,1,0,1,0,0,1,0,0,0,0,1,0,
17-Mar-20,11,0,0,0,0,0,0,0,0,1,0,0,0,0,1,0,0,2,0,0,0,3,0,0,0,0,0,0,0,0,0,0,1,0,0,0,2,0,1,
18-Mar-20,37,0,0,0,0,0,0,0,0,2,0,0,0,0,1,0,1,5,0,8,0,3,0,0,0,0,0,1,1,0,3,0,8,1,0,0,2,1,0,
19-Mar-20,27,0,2,0,0,0,1,1,0,4,0,0,2,0,1,0,0,1,1,0,0,4,0,0,0,0,0,0,0,0,2,0,3,1,0,0,3,1,0,
20-Mar-20,58,0,0,0,0,0,4,0,0,6,0,0,5,2,2,0,0,0,12,2,0,4,0,0,4,0,0,0,1,0,8,0,3,0,0,0,4,0,1,
21-Mar-20,78,0,2,0,0,0,0,0,0,7,0,0,7,0,2,0,0,5,12,3,0,12,0,0,0,0,0,0,10,0,7,0,2,3,0,0,4,0,2,
22-Mar-20,67,0,1,0,0,2,1,0,0,0,0,0,4,0,0,0,0,6,15,0,0,10,0,0,2,0,0,0,8,0,4,0,6,3,0,0,2,0,3,
23-Mar-20,102,0,1,0,0,1,1,0,0,3,0,0,12,1,7,0,0,7,28,0,0,23,0,0,0,0,0,0,2,0,4,0,6,3,0,0,2,1,0,
24-Mar-20,64,0,1,0,0,0,0,0,0,0,0,0,4,0,2,0,2,8,14,0,0,10,0,1,1,0,0,0,6,0,0,0,4,6,0,0,3,0,2,
25-Mar-20,90,0,2,0,0,1,0,2,0,5,0,3,4,0,1,0,5,10,9,0,0,15,0,0,8,1,0,0,2,0,6,0,4,8,0,0,3,1,0,
26-Mar-20,65,1,1,0,0,3,0,3,0,1,0,0,5,0,1,0,3,4,19,0,0,3,0,0,5,0,0,1,2,0,2,0,3,3,0,0,4,0,1,
27-Mar-20,164,5,2,0,0,2,1,0,0,4,0,0,4,0,1,0,6,9,39,0,0,31,0,0,9,0,0,0,5,0,10,0,15,9,0,0,7,0,5,
28-Mar-20,143,3,6,0,0,2,0,1,0,9,0,0,8,0,2,0,13,17,6,0,0,30,0,0,10,0,0,0,0,0,4,0,8,4,0,0,16,1,3,
29-Mar-20,110,0,2,0,0,4,0,0,0,23,0,2,8,0,0,0,5,2,20,0,0,17,0,0,0,0,0,0,0,0,5,0,3,8,0,0,7,1,3,
30-Mar-20,187,1,2,0,0,0,5,1,0,25,0,0,7,0,1,0,11,5,32,0,0,17,0,0,8,0,0,0,3,0,20,0,7,17,0,0,24,0,1,
31-Mar-20,309,0,21,0,1,6,2,1,0,23,0,0,4,0,7,1,6,13,7,0,0,82,0,0,19,0,0,1,1,0,14,0,20,57,0,0,8,0,15,
01-Apr-20,424,0,67,0,15,3,2,0,0,32,0,0,13,0,0,0,7,9,24,0,0,33,0,0,32,0,0,1,4,2,27,0,30,110,0,0,13,0,0,
02-Apr-20,486,0,38,1,0,5,1,0,0,141,0,0,1,3,6,1,8,14,21,0,0,88,0,1,9,0,0,0,1,2,13,0,27,75,0,0,11,3,16,
03-Apr-20,560,0,15,0,7,2,0,0,0,93,0,1,7,0,9,0,5,4,9,1,0,64,0,0,47,0,0,15,6,0,46,0,75,102,0,0,46,6,0,
04-Apr-20,579,0,28,0,3,1,0,1,0,59,0,1,13,7,26,0,17,16,11,0,0,148,0,0,25,0,0,1,12,0,27,0,43,74,0,0,60,6,0,
05-Apr-20,609,0,64,0,0,0,0,0,0,58,0,0,20,1,6,1,14,7,8,0,0,112,0,0,14,0,0,18,3,0,60,0,62,86,0,0,44,4,27,
06-Apr-20,484,0,47,0,0,0,0,0,0,22,0,0,18,4,20,1,3,12,13,0,0,121,0,0,63,0,0,1,11,0,35,0,30,50,1,0,27,5,0,
07-Apr-20,572,0,11,0,2,6,0,0,0,51,0,0,29,9,33,0,16,12,9,0,0,150,0,0,34,0,0,2,20,0,42,0,40,69,0,0,27,0,11,
08-Apr-20,565,1,34,0,0,1,0,0,0,93,0,0,11,0,24,0,33,6,9,0,0,117,0,0,51,0,0,0,7,0,40,0,49,48,0,0,29,4,8,
09-Apr-20,813,0,15,0,1,19,0,8,0,51,0,0,76,1,3,9,26,16,12,0,0,229,0,0,70,0,0,6,24,0,80,0,18,96,0,0,49,0,4,
10-Apr-20,871,0,18,0,0,2,1,0,0,183,0,0,116,0,6,1,23,10,7,1,0,210,0,0,40,0,0,2,21,2,98,0,16,77,1,0,23,0,13,
11-Apr-20,854,0,24,0,0,4,0,7,0,166,0,0,90,4,3,3,17,8,10,0,0,187,0,0,78,0,0,4,7,0,139,0,16,58,0,0,19,0,10,
12-Apr-20,758,0,15,0,1,0,2,6,0,85,0,0,48,0,16,2,21,17,2,0,0,221,0,0,33,0,0,0,12,0,104,0,28,106,0,0,31,0,8,
13-Apr-20,1243,0,19,0,2,2,0,0,0,356,0,0,56,0,1,5,25,15,3,2,0,352,1,0,52,0,0,1,6,0,93,0,61,98,0,0,75,0,18,
14-Apr-20,1031,0,45,0,1,0,0,2,0,51,0,0,78,1,2,3,8,13,8,0,0,346,0,0,127,0,0,5,8,0,108,0,52,31,0,0,102,2,38,
15-Apr-20,886,0,41,0,0,6,0,0,0,17,0,0,116,2,6,1,22,19,1,1,0,236,6,0,197,0,0,0,2,0,71,0,6,38,0,0,75,0,23,
16-Apr-20,1061,0,9,0,2,11,0,3,0,62,0,0,163,0,11,1,14,36,7,0,0,285,2,0,226,0,0,0,11,0,55,0,50,25,0,0,70,0,18,
17-Apr-20,922,1,38,0,0,2,0,0,0,67,0,0,170,3,8,3,14,44,1,0,0,120,0,0,146,0,0,0,14,0,98,0,66,56,0,0,44,3,24,
18-Apr-20,1371,2,31,0,0,1,2,0,0,186,0,0,277,1,9,1,13,25,4,0,0,327,2,0,92,0,0,1,23,0,122,0,43,49,0,0,126,2,32,
19-Apr-20,1580,1,44,0,0,10,3,0,0,110,0,0,367,0,18,8,13,6,2,0,0,552,0,0,5,0,0,0,10,0,127,0,49,105,0,0,125,2,23,
20-Apr-20,1239,1,75,0,0,17,0,0,0,78,0,0,196,0,1,5,14,18,6,0,0,466,0,0,78,0,0,13,1,0,98,0,14,43,0,0,84,2,29,
21-Apr-20,1537,1,35,0,0,13,1,0,0,75,0,0,239,0,4,0,12,10,19,0,0,552,1,0,67,0,0,5,6,0,159,0,56,76,0,0,153,0,53,
22-Apr-20,1292,1,56,0,0,17,0,0,0,92,0,0,229,0,9,0,27,9,11,0,0,431,0,0,35,0,0,4,27,0,153,0,15,33,0,0,112,0,31,
23-Apr-20,1667,4,80,0,1,27,0,0,0,128,0,0,217,1,6,7,27,18,10,0,0,778,0,0,100,0,0,6,5,0,76,0,27,54,0,0,61,1,33,
24-Apr-20,1408,7,62,0,0,53,0,0,0,138,0,0,191,0,5,6,20,29,3,0,0,390,0,0,159,0,0,5,15,0,70,0,13,72,0,0,111,1,58,
25-Apr-20,1835,4,61,0,0,28,1,1,0,111,0,0,256,0,12,8,40,26,7,2,0,811,0,0,99,0,0,6,10,1,49,0,7,66,0,0,172,0,57,
26-Apr-20,1607,0,81,0,0,26,8,0,0,293,0,0,230,0,9,15,29,3,11,0,0,440,0,0,145,0,0,3,14,0,102,0,11,64,0,0,80,3,40,
27-Apr-20,1568,0,80,0,0,69,9,0,0,190,0,0,247,0,5,21,23,9,13,0,0,522,0,0,75,0,0,15,8,0,77,0,2,52,0,0,113,0,38,
28-Apr-20,1902,0,82,0,2,20,11,1,0,206,0,0,226,0,7,2,19,11,4,2,0,728,0,0,222,0,0,0,12,0,102,0,6,121,0,0,67,3,48,
29-Apr-20,1705,0,73,0,0,37,12,0,0,125,0,0,308,0,3,2,16,12,10,0,0,597,0,0,173,0,0,7,33,0,76,0,7,104,0,0,81,1,28,
30-Apr-20,1802,0,71,0,5,22,6,2,0,76,0,0,313,0,28,3,33,30,2,0,0,583,0,0,65,0,0,18,105,0,144,0,22,161,1,0,77,2,33,
01-May-20,2396,0,60,0,0,41,14,3,0,223,0,0,326,0,18,3,25,24,0,0,0,1008,0,0,90,0,0,11,105,0,82,0,6,203,0,0,117,0,37,
02-May-20,2564,0,62,0,0,15,6,0,0,384,0,0,333,0,19,2,27,12,2,1,0,790,0,0,73,0,0,6,187,1,106,0,17,231,2,0,159,2,127,
03-May-20,2952,0,58,0,0,36,3,14,0,427,0,0,374,0,66,0,35,13,0,19,0,678,0,0,49,0,0,2,330,0,114,0,21,266,12,0,158,1,276,
04-May-20,3656,0,67,0,0,11,5,1,0,349,0,0,376,1,75,0,25,37,0,0,0,1567,0,0,105,0,0,7,130,0,175,0,3,527,13,0,121,0,61,
05-May-20,2971,0,67,0,2,7,17,1,0,206,1,0,441,1,31,10,15,22,3,0,0,984,0,0,107,0,0,8,219,0,97,0,11,508,13,0,114,1,85,
06-May-20,3602,0,60,0,1,7,5,0,0,428,0,0,380,1,46,2,34,20,0,0,0,1233,0,0,89,0,0,28,75,0,159,0,11,771,22,0,118,0,112,
07-May-20,3344,0,56,0,8,8,11,0,0,448,0,0,388,3,31,5,18,12,0,0,0,1216,0,0,114,0,0,14,118,0,110,0,15,580,24,0,73,0,92,
08-May-20,3339,0,54,0,6,29,11,0,0,338,0,0,390,4,22,22,30,48,1,0,0,1089,0,0,89,0,0,51,87,1,152,0,10,600,30,0,143,2,130,
09-May-20,3175,0,43,0,2,32,23,0,0,224,0,0,394,2,28,2,13,41,2,0,0,1165,1,0,116,0,0,82,31,0,129,0,31,526,17,0,159,4,108,
10-May-20,4311,0,50,0,1,96,4,0,0,381,0,0,398,6,28,1,25,54,7,0,0,1943,0,0,157,0,0,25,61,2,106,0,33,669,16,0,94,1,153,
11-May-20,3592,0,38,0,2,42,8,0,0,310,0,0,347,1,27,4,18,14,7,0,0,1230,0,0,171,0,0,38,54,0,174,0,79,798,0,0,106,0,124,
12-May-20,3562,0,71,0,0,130,6,0,0,406,0,0,362,8,50,11,55,63,5,0,0,1026,0,0,201,0,0,22,37,0,138,0,51,716,2,0,91,1,110,
13-May-20,3726,0,48,0,15,74,4,0,0,359,0,0,364,1,13,5,37,34,10,1,0,1495,0,0,187,0,0,101,10,1,202,0,41,509,1,0,94,3,117,
14-May-20,3991,0,68,0,7,46,0,1,0,472,0,8,324,6,25,26,12,28,26,0,0,1602,0,1,253,0,0,134,11,3,206,0,47,447,1,0,144,6,87,
15-May-20,3808,0,102,0,3,34,0,6,0,425,0,0,340,2,36,8,30,69,16,0,0,1576,0,0,169,0,0,65,-3,0,213,0,40,434,0,0,155,4,84,
16-May-20,4794,0,48,0,3,145,0,1,0,438,0,5,1057,2,33,6,108,36,11,0,0,1606,0,4,195,0,0,0,14,1,213,0,55,477,11,0,201,9,115,
17-May-20,5049,0,25,0,8,142,0,18,0,422,0,9,391,2,23,6,62,55,14,0,0,2347,0,0,187,0,0,91,18,0,242,0,42,639,-2,0,206,1,101,
18-May-20,4628,0,52,0,15,103,5,10,0,299,0,9,366,10,18,5,106,99,29,0,0,2005,0,0,259,0,0,48,16,0,305,0,41,536,0,0,141,4,147,
19-May-20,6154,0,57,0,42,96,3,5,0,500,0,8,395,2,36,20,28,149,12,0,0,2078,0,2,229,0,0,102,22,5,338,0,42,688,8,814,321,15,137,
20-May-20,5720,0,71,0,31,257,3,14,0,534,0,4,398,18,29,42,73,67,24,1,0,2161,1,16,270,0,0,74,3,1,170,0,27,743,0,282,249,15,142,
21-May-20,6023,0,45,0,22,211,16,14,0,571,0,2,371,42,37,13,59,143,24,0,0,2345,0,0,246,0,0,51,23,0,212,0,38,776,2,307,340,19,94,
22-May-20,6536,0,62,0,15,179,1,44,0,660,0,2,363,16,37,20,40,138,42,2,0,2940,0,1,189,0,0,86,1,3,267,0,62,786,0,217,220,8,135,
23-May-20,6663,0,47,0,121,228,6,42,0,591,1,1,396,17,64,27,80,216,62,3,0,2608,0,3,201,0,0,80,16,0,248,1,52,759,16,279,282,91,127,
24-May-20,7111,0,66,1,46,180,37,38,0,508,0,11,394,18,53,20,52,130,53,3,0,3041,0,3,294,0,0,67,15,15,286,0,41,765,3,439,251,73,208,
25-May-20,6414,0,106,0,156,163,4,40,0,635,0,1,405,20,29,35,47,93,49,1,0,2436,1,4,194,0,3,102,21,8,272,0,66,805,4,304,229,32,149,
26-May-20,5907,0,97,0,134,231,12,68,0,412,0,0,361,24,92,21,91,101,67,0,0,2091,5,3,165,0,1,79,25,0,236,0,112,646,34,328,227,51,193,
27-May-20,7246,0,134,0,101,68,1,4,0,792,0,1,376,26,76,7,162,135,40,1,0,2190,0,5,237,0,5,76,33,0,280,0,107,817,10,1043,267,69,183,
28-May-20,7254,0,128,1,97,149,10,34,0,1024,0,1,367,8,123,6,115,115,85,20,0,2598,1,11,192,0,9,67,19,4,251,0,117,827,2,319,179,31,344,
29-May-20,8138,0,85,0,177,174,0,17,0,1105,0,0,372,14,217,82,128,248,62,0,0,2682,6,4,192,0,7,63,39,4,298,0,169,874,10,341,275,216,277,
30-May-20,8364,0,131,1,159,206,0,32,0,1163,0,1,412,18,202,73,177,141,58,3,0,2940,0,1,246,0,11,96,36,0,252,0,74,938,17,370,256,33,317,
31-May-20,8789,0,110,0,123,242,4,51,0,1295,0,1,438,18,168,41,105,299,61,0,0,2487,0,11,198,0,7,129,30,13,214,0,199,1149,45,448,374,158,371,
01-Jun-20,7723,0,105,18,146,138,4,49,0,990,1,2,423,9,265,26,155,187,57,0,0,2358,1,12,194,0,0,156,38,9,269,0,94,1162,107,139,286,52,271,
02-Jun-20,8812,0,115,2,74,151,4,15,0,1298,0,6,415,5,296,61,117,388,86,4,0,2287,2,6,137,12,6,141,41,0,273,0,99,1091,48,784,368,84,396,
03-Jun-20,9689,0,180,10,271,230,0,64,0,1513,8,47,485,14,302,42,139,267,82,9,0,2560,3,19,168,1,9,143,34,11,279,1,129,1286,151,709,141,42,340,
04-Jun-20,9847,0,141,5,285,126,1,147,0,1359,3,40,492,24,327,63,285,257,94,4,0,2933,0,16,174,3,22,90,39,9,210,0,127,1384,24,360,367,68,368,
05-Jun-20,9472,0,138,4,128,146,7,90,0,1330,0,30,510,10,316,95,182,515,111,3,0,2436,0,8,234,7,27,130,46,5,222,1,143,1438,48,127,496,62,427,
06-Jun-20,10408,0,210,2,230,233,3,60,0,1320,5,71,498,7,355,106,143,378,108,2,0,2739,0,25,232,0,0,173,54,3,253,4,206,1458,55,582,370,88,435,
07-Jun-20,10882,0,199,3,208,239,2,150,0,1282,1,33,480,11,496,75,620,239,107,4,0,3007,3,15,173,10,9,75,93,12,262,0,154,1515,53,418,433,52,449,
08-Jun-20,8536,0,154,6,154,177,6,124,0,1007,2,30,477,10,406,187,198,308,91,0,0,2554,3,100,237,8,6,138,55,9,277,0,92,1562,38,-773,411,56,426,
09-Jun-20,9981,1,69,0,215,208,6,14,0,1366,2,29,470,16,355,126,61,161,91,5,0,2258,4,32,211,46,5,146,56,4,369,6,178,1685,26,874,388,126,372,
10-Jun-20,11156,1,365,4,235,243,2,51,0,1501,5,28,510,14,370,135,161,120,65,7,0,3254,1,7,200,5,1,110,86,12,355,0,191,1927,31,516,275,25,343,
11-Jun-20,11135,3,182,6,145,250,4,136,0,1877,1,30,513,19,389,48,67,204,83,20,0,3607,0,55,192,9,2,136,82,13,238,0,209,1875,25,-296,478,93,440,
12-Jun-20,11306,0,207,19,263,148,13,47,0,2137,0,46,495,16,366,57,156,271,78,104,0,3493,0,19,202,2,26,112,99,6,230,50,164,1982,41,-616,528,69,476,
13-Jun-20,12039,0,222,5,207,193,5,105,0,2134,5,60,517,16,415,55,148,308,85,198,0,3427,0,64,198,6,7,225,77,13,333,0,253,1989,83,-331,502,61,454,
14-Jun-20,11405,2,294,3,218,186,2,121,0,2224,4,41,511,16,459,52,163,176,54,112,0,3390,0,9,161,2,10,186,77,18,293,5,237,1974,33,-548,497,34,389,
15-Jun-20,10032,1,304,4,191,187,5,44,0,1647,0,28,514,38,514,30,179,213,82,6,0,2786,0,32,133,5,4,146,127,8,287,0,219,1843,10,-464,476,26,407,
16-Jun-20,11086,3,264,4,201,148,8,69,0,1859,15,37,524,4,550,46,78,317,79,94,0,2701,0,10,148,4,2,108,104,14,235,0,213,1515,1,712,507,97,415,
17-Jun-20,13108,0,351,4,184,130,5,80,0,2414,5,27,520,25,560,57,108,204,75,38,0,3307,-1,52,161,0,14,175,126,29,326,2,269,2174,43,589,583,81,391,
18-Jun-20,13829,1,425,0,209,100,4,82,0,2877,4,49,510,10,386,23,149,210,97,0,0,3752,0,54,182,9,0,174,118,26,315,0,352,2141,21,430,604,80,435,
19-Jun-20,14638,2,465,32,0,250,7,72,0,3137,14,20,540,32,525,42,125,337,118,57,0,3827,0,75,156,0,5,165,217,16,299,0,499,2115,27,224,809,74,355,
20-Jun-20,15918,0,491,0,249,213,23,116,0,3630,17,29,539,29,480,63,154,416,127,92,0,3874,0,96,142,10,3,179,120,51,381,0,546,2396,8,338,541,124,441,
21-Jun-20,15151,1,477,4,332,162,2,121,0,3000,5,64,580,17,412,74,122,453,133,1,0,3870,0,64,179,1,10,304,122,28,393,8,730,2532,35,-138,596,43,414,
22-Jun-20,13560,0,443,9,267,228,5,47,0,2909,15,46,563,54,390,42,132,249,138,10,0,3721,2,57,175,1,69,143,161,17,302,0,872,2710,16,-1295,591,58,413,
23-Jun-20,15656,2,462,10,203,157,7,83,0,3947,9,45,549,48,495,53,148,322,141,85,0,3214,1,23,183,0,50,167,162,19,395,1,879,2516,23,183,571,133,370,
24-Jun-20,16868,6,497,2,226,223,2,34,0,3788,13,42,572,31,490,26,186,397,152,0,0,3889,0,49,187,3,17,282,230,59,382,4,891,2865,0,126,664,88,445,
25-Jun-20,18205,2,553,12,364,215,3,37,0,3390,20,44,577,33,453,44,127,442,123,9,0,4842,0,86,147,0,8,210,142,41,287,2,920,3509,32,352,636,68,475,
26-Jun-20,18255,14,605,2,273,190,2,89,0,3460,15,44,580,25,421,31,213,445,150,5,0,5024,2,19,203,2,16,218,188,32,364,2,985,3645,35,-370,750,34,542,
27-Jun-20,20142,0,796,3,246,302,3,65,0,2948,15,89,615,30,543,45,204,918,195,14,0,6368,0,17,167,3,16,170,99,85,284,0,1087,3713,9,-100,606,66,521,
28-Jun-20,19610,11,813,5,327,244,3,84,0,2889,4,70,624,22,402,25,127,1267,118,3,0,5493,2,93,221,1,28,264,160,29,327,1,983,3940,12,-184,598,32,572,
29-Jun-20,18339,7,793,5,302,394,3,101,0,2084,15,53,626,26,381,62,144,1105,122,1,0,5257,1,42,184,0,36,245,202,42,389,0,975,3949,34,-554,681,8,624,
30-Jun-20,18256,7,704,4,613,370,6,63,0,2199,10,64,620,11,338,64,260,947,131,9,0,4878,2,7,223,9,8,206,150,24,348,0,945,3943,8,-281,664,50,652,
01-Jul-20,19429,3,657,4,548,216,6,82,0,2442,16,72,675,26,393,35,198,1272,151,17,0,5537,2,26,268,0,42,251,100,25,304,1,1018,3882,8,-89,564,66,611,
02-Jul-20,21947,9,845,37,479,478,4,73,0,2373,25,95,681,35,568,60,154,1502,160,1,0,6328,3,19,245,2,34,229,116,63,350,12,1213,4343,39,-83,769,37,649,
03-Jul-20,22718,7,837,20,365,426,4,52,0,2520,50,94,687,19,494,112,170,1694,211,11,0,6364,4,37,191,0,4,561,153,22,390,1,1892,4329,93,-801,972,64,669,
04-Jul-20,24018,3,765,7,1202,349,5,96,0,2505,37,108,712,13,545,42,227,1839,240,3,0,7074,8,9,307,2,24,495,172,80,480,1,1850,4280,25,-1032,757,45,743,
05-Jul-20,23942,6,998,10,735,403,7,46,0,2244,32,77,725,17,457,68,183,1925,225,0,0,6555,2,41,326,22,27,469,174,42,632,22,1590,4150,23,-370,1153,31,895,
06-Jul-20,22500,16,1322,1,786,280,21,98,0,1379,27,52,735,14,499,47,246,1843,193,0,0,5368,16,24,354,11,35,456,208,65,524,0,1831,3827,111,284,929,37,861,
07-Jul-20,23147,6,1178,6,814,385,5,110,0,2008,27,90,778,6,495,164,256,1498,272,36,0,5134,6,40,343,1,19,571,258,32,716,2,1879,3616,24,121,1332,69,850,
08-Jul-20,25561,2,1062,11,696,749,15,111,0,2033,15,136,783,18,691,116,330,2062,301,6,0,6603,6,5,409,5,13,527,158,110,659,6,1924,3756,57,-16,1188,28,986,
09-Jul-20,25790,7,1555,15,568,704,16,140,0,2187,14,112,861,39,674,134,240,2228,339,8,0,6875,13,15,305,0,16,577,233,49,500,1,1410,4231,16,-633,1206,47,1088,
10-Jul-20,27762,0,1608,33,936,352,13,166,0,2089,14,100,875,31,570,250,387,2313,416,9,0,7862,73,132,316,23,59,755,217,72,611,0,1278,3680,142,-224,1338,68,1198,
11-Jul-20,27757,0,1813,6,535,709,13,65,0,1781,14,117,872,11,648,145,268,2798,488,13,0,8139,76,11,544,1,16,570,230,65,574,26,1178,3965,31,-745,1392,44,1344,
12-Jul-20,29106,7,1933,19,735,1266,10,184,0,1573,16,85,879,31,658,97,357,2627,435,9,0,7827,33,16,431,4,26,595,234,81,644,4,1269,4244,105,-392,1384,120,1560,
13-Jul-20,28178,3,1935,27,1001,1116,29,184,0,1246,25,130,902,30,689,203,314,2738,449,7,0,6497,21,17,575,2,71,616,357,50,544,2,1550,4328,26,-666,1654,71,1435,
14-Jul-20,29917,5,1916,75,859,1432,12,114,0,1606,16,170,915,66,699,262,346,2496,608,35,0,6741,2,46,798,5,51,543,333,63,635,45,1524,4526,90,-179,1594,78,1390,
15-Jul-20,32607,5,2432,29,1088,1320,19,177,0,1647,17,198,925,32,678,337,493,3176,623,14,0,7975,19,28,638,0,6,618,288,65,866,11,1597,4496,98,-655,1659,99,1589,
16-Jul-20,35468,4,2593,52,892,1385,16,198,0,1652,18,157,919,36,696,221,490,4169,722,5,0,8641,40,64,735,34,14,494,295,147,737,13,1676,4549,98,-239,2058,197,1690,
17-Jul-20,34820,0,2602,66,1218,1742,25,249,0,1462,32,196,949,40,795,313,601,3693,791,4,0,8308,26,36,704,10,40,718,348,89,615,32,1478,4538,118,-754,1722,120,1894,
18-Jul-20,37411,4,3963,41,1117,1667,31,243,0,1475,45,180,960,40,750,289,441,4537,593,8,0,8348,15,91,681,2,22,591,350,58,711,19,1284,4807,171,-368,1873,174,2198,
19-Jul-20,40235,15,5041,90,1018,1412,26,161,0,1211,37,173,965,64,617,167,701,4120,821,19,0,9518,32,20,837,0,10,736,308,109,934,10,1296,4979,223,-163,2211,239,2278,
20-Jul-20,36806,4,4074,50,1093,1076,20,191,0,954,21,196,998,110,694,225,751,3648,794,17,0,8240,19,14,710,13,33,673,410,93,956,22,1198,4985,202,0,1913,127,2282,
21-Jul-20,39170,5,4944,68,1680,1109,14,133,0,1349,28,174,1026,33,604,418,608,3649,720,3,0,8336,21,90,785,0,9,647,379,87,983,25,1430,4965,252,0,2128,207,2261,
22-Jul-20,45601,9,6045,91,972,1502,29,268,0,1227,36,149,1020,61,724,487,453,4764,1038,8,0,10576,24,45,747,20,54,1078,412,121,961,108,1555,5849,126,0,2300,451,2291,
23-Jul-20,48443,19,7998,42,1047,1625,20,371,0,1041,45,174,1078,109,789,482,718,5030,1078,4,0,9895,20,55,632,9,90,1264,438,120,886,22,1567,6472,206,0,2516,145,2436,
24-Jul-20,48888,19,8147,65,1130,1820,23,449,0,1025,44,190,1068,120,780,400,353,5007,885,36,0,9615,53,31,736,6,65,1594,477,95,958,17,1640,6785,100,0,2667,272,2216,
25-Jul-20,50072,31,7813,70,1165,2803,29,363,0,1142,37,146,1081,95,783,277,523,5072,1103,30,0,9251,59,30,716,29,50,1320,468,139,1120,22,1593,6988,105,0,2971,244,2404,
26-Jul-20,48932,28,7627,32,1142,2605,35,431,0,1075,49,175,1110,127,794,508,615,5199,927,9,0,9431,56,59,874,0,50,1376,534,133,1132,46,0,6986,37,0,3246,143,2341,
27-Jul-20,46484,20,6051,81,1348,2192,23,367,0,613,36,258,1052,94,795,454,470,5324,702,21,0,7924,36,51,789,0,46,1503,551,85,1134,10,1473,6993,147,0,3505,224,2112,
28-Jul-20,49631,25,7948,91,1371,2480,24,306,0,1056,44,168,1108,60,749,760,489,5536,1167,21,0,7717,41,31,628,23,75,1215,609,139,1072,24,1610,6972,221,0,3458,259,2134,
29-Jul-20,52479,65,10093,80,1348,2328,44,314,0,1035,38,202,1144,73,755,331,540,5503,903,20,0,9211,5,141,917,11,53,1068,568,166,1144,17,1764,6426,216,0,3383,279,2294,
30-Jul-20,54968,42,10167,74,2112,2082,38,256,0,1093,35,215,1159,103,623,505,450,6128,506,31,0,11147,19,47,834,13,53,1203,510,121,1156,14,1811,5864,219,0,3705,199,2434,
31-Jul-20,57486,78,10376,107,1862,2986,35,336,0,1195,46,209,1153,58,711,915,490,5483,1310,26,0,10320,20,116,838,0,127,1499,663,174,1147,29,1986,5881,274,0,4422,118,2496,
01-Aug-20,55117,88,9276,83,1457,3521,28,235,0,1118,45,280,1136,70,793,790,613,5172,1129,58,0,9601,33,135,808,5,138,1602,944,134,1160,11,2083,5879,252,0,3587,264,2589,
02-Aug-20,52672,98,8555,24,1178,2762,38,181,0,961,55,337,1101,69,761,455,444,5532,1169,4,0,9509,18,75,921,57,104,1434,790,200,1167,8,1891,5875,141,0,3873,146,2739,
03-Aug-20,50488,96,7822,60,2371,2297,43,212,0,805,35,286,1009,115,654,941,590,4752,961,19,0,8968,28,89,750,26,194,1384,674,176,1145,30,983,5609,0,0,4441,207,2716,
04-Aug-20,51282,98,9747,32,2886,2464,46,382,0,674,43,259,1020,61,623,570,390,6259,1083,49,0,7760,15,98,797,6,276,1384,488,165,1124,95,1286,5063,131,0,2948,208,2752,
05-Aug-20,56626,99,10128,65,2284,2701,64,295,0,1076,45,348,1073,37,752,978,559,5619,1195,58,0,10309,22,75,652,3,93,1337,841,286,1166,17,2012,5175,122,0,4078,246,2816,
06-Aug-20,62170,96,10328,93,2372,3416,57,523,0,1299,43,191,1034,131,755,708,499,6805,1298,3,0,11514,51,124,830,33,82,1699,1035,188,1151,29,2092,5684,98,0,4586,369,2954,
07-Aug-20,61455,99,10171,101,2679,3646,47,388,0,1192,44,333,1074,103,751,726,473,6670,1251,19,0,10483,16,249,734,21,77,1833,1039,241,1161,25,2207,5880,128,0,4404,278,2912,
08-Aug-20,65156,129,10080,68,2218,3992,52,447,0,1404,51,259,1101,114,789,986,463,7178,1420,25,0,12822,17,169,859,8,31,1643,998,261,1171,6,2256,5883,146,0,4660,501,2949,
09-Aug-20,62117,139,10820,38,1123,3934,89,293,0,1300,45,506,1078,107,792,688,507,5985,1211,49,0,12248,39,118,868,41,93,1734,975,259,1169,6,1982,5994,147,0,4571,230,2939,
10-Aug-20,53016,135,7665,76,2900,3021,80,477,0,707,62,317,1056,92,794,630,470,4267,1184,29,0,9181,53,100,866,12,230,1528,986,242,1173,44,1256,5914,62,0,4113,389,2905,
11-Aug-20,61252,139,9024,96,2669,4071,75,360,0,1257,39,415,1118,34,798,683,564,6257,1417,53,0,11088,27,88,843,3,20,1341,1000,276,1217,3,1896,5834,164,0,5041,411,2931,
12-Aug-20,67066,136,9597,103,4593,3741,81,567,0,1113,39,480,1152,139,797,788,482,7883,1212,41,0,12712,37,41,870,25,87,1876,1020,481,1213,17,1897,5871,110,0,4475,454,2936,
13-Aug-20,64141,137,9996,82,2796,3906,91,478,0,956,46,570,1092,180,793,693,536,6706,1564,38,0,11813,14,130,1014,1,50,1981,1027,299,1314,1,1931,5835,121,0,4537,416,2997,
14-Aug-20,65610,149,8943,95,2706,3911,86,529,0,1192,41,476,1087,58,797,1175,540,7908,1569,30,0,12608,35,86,796,8,154,1977,1077,315,1278,149,1921,5890,164,0,4512,313,3035,
15-Aug-20,63986,120,8732,51,1057,3536,81,486,0,1276,64,369,1094,119,796,547,532,8818,1608,30,0,12020,64,192,1019,56,18,2496,1028,359,1287,68,1863,5860,167,0,4774,325,3074,
16-Aug-20,58096,93,8012,43,1317,2187,93,576,0,652,35,300,1120,163,743,552,449,7040,1530,39,0,11111,82,179,1022,64,54,2924,1165,378,1317,19,1102,5950,127,0,4357,235,3066,
17-Aug-20,54298,46,6780,40,2792,2525,114,404,0,787,27,355,1033,18,887,843,422,6317,1725,18,0,8493,44,118,930,12,61,2244,1489,297,1334,20,894,5890,143,0,3798,318,3080,
18-Aug-20,64999,84,9652,134,2534,3257,89,808,0,1374,51,339,1126,61,896,1241,434,7665,1758,44,0,11119,39,78,990,26,65,2239,1705,367,1347,20,1682,5709,205,0,4218,468,3175,
19-Aug-20,69196,75,9742,75,2116,2884,91,752,0,1398,37,342,1145,176,994,967,708,8642,2333,38,0,13165,78,111,976,45,38,2589,1683,356,1312,25,1763,5795,236,0,5076,264,3169,
20-Aug-20,68518,76,9393,116,1735,2451,119,1052,0,1215,34,424,1175,127,996,638,683,7385,1968,29,0,14647,126,49,1142,14,25,2898,1741,540,1330,58,1724,5986,190,0,4824,411,3197,
21-Aug-20,68519,67,9544,60,1856,2461,116,873,0,1250,53,385,1204,190,1203,1258,654,7571,1983,56,0,14161,57,124,1147,21,36,2698,1503,302,1335,46,1457,5995,256,0,4905,447,3245,
22-Aug-20,70067,61,10276,97,1560,2238,145,704,0,1412,40,306,1212,167,1161,907,610,7330,2172,77,0,14492,93,83,1226,8,16,2819,1316,518,1310,45,2474,5980,280,0,5217,483,3232,
23-Aug-20,61749,52,7895,40,1272,2247,142,704,0,1450,36,209,1101,106,1096,1075,666,5938,1908,69,0,10441,106,114,1263,15,51,2993,1136,410,1345,22,2384,5975,331,0,5325,558,3274,
24-Aug-20,59696,44,8601,49,1879,1227,117,1136,0,1061,18,139,1067,100,1074,940,428,5851,1242,51,0,11015,59,116,1292,0,28,2949,1505,337,1346,43,1842,5967,200,0,4601,405,2967,
25-Aug-20,66873,41,9927,100,1973,1444,174,1287,0,1544,21,392,1096,53,1148,1056,701,8161,2375,90,0,10425,42,82,1379,35,38,2752,1293,567,1370,29,2579,5951,293,0,5006,485,2964,
26-Aug-20,75995,40,10830,143,2179,2163,167,1209,0,1693,22,497,1197,167,1397,1137,704,8580,2476,31,0,14888,32,141,1064,14,26,3371,1513,504,1345,11,3018,5958,329,0,5640,535,2974,
27-Aug-20,76827,33,10621,78,2036,1860,188,1438,0,1840,42,456,1190,180,1293,1365,655,9386,2406,41,0,14857,80,140,1317,7,6,3384,1746,504,1345,56,2795,5981,385,0,5391,728,2997,
28-Aug-20,76657,32,10526,112,2560,1998,160,1245,0,1808,31,523,1272,136,1298,1137,696,8960,2543,48,0,14427,110,118,1252,29,21,3682,1542,590,1355,34,2932,5996,509,0,5405,588,2982,
29-Aug-20,78479,31,10548,132,2427,2087,261,1513,0,1954,15,547,1282,144,1391,1299,546,8324,2397,63,0,16286,43,117,1442,0,46,3252,1470,532,1407,26,2751,6352,443,0,5633,706,3012,
30-Aug-20,79461,23,10603,157,1980,2078,170,1346,0,2024,32,451,1272,164,1295,1323,786,8852,2154,35,0,16408,60,152,1558,5,71,3014,1678,571,1450,25,2924,6495,447,0,6175,664,3019,
31-Aug-20,68766,28,10004,78,3266,1324,191,1411,0,1358,27,414,1280,171,1450,3221,535,6495,1530,43,0,11852,25,140,1532,3,28,2602,1466,284,1466,25,1873,5956,321,0,4782,592,2993,
01-Sep-20,78168,28,10368,100,2684,1928,204,1884,0,2312,19,588,1310,139,1694,2177,525,9058,1140,52,0,15765,72,130,1525,1,53,3025,1516,355,1470,18,2734,5928,509,0,5343,571,2943,
02-Sep-20,82860,26,10392,148,3555,1969,239,2296,0,2509,44,636,1305,161,1792,1029,641,9860,1547,52,0,17433,77,125,1424,8,14,3219,1481,391,1511,34,2892,5990,566,0,5682,836,2976,
03-Sep-20,84156,37,10199,214,3054,1922,276,2284,0,2737,29,713,1325,199,1881,1618,1079,8865,1553,55,0,18105,109,102,1672,20,49,3631,1526,424,1553,34,2817,5892,590,0,5662,946,2984,
04-Sep-20,87115,34,10776,201,2891,1978,203,2667,0,2914,51,508,1320,215,1884,1559,1047,9280,2479,95,0,19218,108,90,1658,6,41,3267,1498,591,1570,105,2478,5976,524,0,6074,831,2978,
05-Sep-20,90600,35,10825,139,2698,1727,234,2529,0,2973,21,592,1311,188,2289,1758,1251,9746,2655,61,0,20800,182,184,1636,16,21,3543,1514,394,1566,58,2511,5870,691,0,6590,950,3042,
06-Sep-20,91723,40,10794,86,1537,1797,261,2100,0,3256,36,374,1335,397,2277,1266,1316,9319,3082,40,0,23350,89,139,1694,31,50,3810,1946,466,1593,9,2574,5783,603,0,6518,668,3087,
07-Sep-20,74678,27,8368,180,2785,1369,232,2017,0,2077,22,0,1330,245,2224,1557,1013,5773,1648,28,0,16429,29,84,1885,21,42,3861,2110,284,1580,29,1802,5776,399,0,5568,807,3077,